Image_ID,Ellipse_Diameter_m,Circle_Diameter_m,Real_Depth_m,Relative_Depth_Raw,Pixel_Count
20,0.027569837868213654,0.02650207185428135,0.8247416019439697,1.5084660053253174,11230
